<?xml version="1.0" encoding="UTF-8"?>
<project-private xmlns="http://www.netbeans.org/ns/project-private/1">
    <editor-bookmarks xmlns="http://www.netbeans.org/ns/editor-bookmarks/2" lastBookmarkId="0"/>
    <open-files xmlns="http://www.netbeans.org/ns/projectui-open-files/2">
        <group>
            <file>file:/Users/srihithakilari/Desktop/Assignment4/src/ui/ViewVitalSignsJPanel.java</file>
            <file>file:/Users/srihithakilari/Desktop/Assignment4/src/ui/MainJFrame.java</file>
            <file>file:/Users/srihithakilari/Desktop/Assignment4/src/ui/CommunityReportJPanel.java</file>
            <file>file:/Users/srihithakilari/Desktop/Assignment4/src/ui/AddVitalSignsPanel.java</file>
            <file>file:/Users/srihithakilari/Desktop/Assignment4/src/ui/AddPatientDataJPanel.java</file>
            <file>file:/Users/srihithakilari/Desktop/Assignment4/src/ui/ViewPatientDataJPanel.java</file>
            <file>file:/Users/srihithakilari/Desktop/Assignment4/src/ui/DeletePatientDetails.java</file>
        </group>
    </open-files>
</project-private>
